Workbook

Sheet Start here
A1: Methodology-risk gold standard — annotation workbook
A2: Codebook | B2: docs/codebook_v1.0.md (full decision rules; this workbook only summarises them)
A4: WHAT YOU EDIT
A5: Yellow cells (sheet "Annotation") | B5: eligible, exclusion_reason, the 11 label columns (drop-downs), their evidence columns, notes, external_note, minutes, annotated_on.
A6: Do not edit | B6: order_no, set, status (formulas), pmcid, title, journal, auto_hint. Row 2 is a fictional EXAMPLE showing the expected format.
A8: WORKFLOW
A9: Step 1 | B9: Work strictly top-down in order_no. Open the paper via the "Europe PMC" link.
A10: Step 2 | B10: Decide eligibility (codebook §3). If N, give a reason and move on; the next eligible paper takes its place automatically.
A11: Step 3 | B11: Label all 11 items from the article text only. Copy verbatim evidence (ABSENT when nothing supports a label).
A12: Step 4 | B12: Log minutes and date. "set" fills itself: first 20 eligible = pilot, 21-40 = dev, 41-200 = test.
A13: Step 5 | B13: After the 20 pilot papers: stop, send the file back for codebook revision (v1.1) before continuing.
A14: Step 6 | B14: Never look at any model prediction for a paper before its labels are final.
A16: LABEL MEANINGS
A17: SAFE / RISK / UNCLEAR / N/A | B17: SAFE = the article states the safe practice. RISK = it states (or its numbers show) the risky practice. UNCLEAR = cannot tell from the text. N/A = the item does not apply.
A18: YES / NO (and variants) | B18: Absence of a statement is always NO (reporting items) or UNCLEAR (risk items), never SAFE.
A20: PROGRESS
A21: Papers screened | B21: =COUNTIF(Annotation!I3:I544,"Y")+COUNTIF(Annotation!I3:I544,"N") -> 0
A22: Eligible | B22: =COUNTIF(Annotation!I3:I544,"Y") -> 0
A23: Excluded | B23: =COUNTIF(Annotation!I3:I544,"N") -> 0
A24: Pilot papers done (target 20) | B24: =COUNTIFS(Annotation!B3:B544,"pilot",Annotation!C3:C544,"done") -> 0
A25: Dev papers done (target 20 more) | B25: =COUNTIFS(Annotation!B3:B544,"dev",Annotation!C3:C544,"done") -> 0
A26: Test papers done (target 160) | B26: =COUNTIFS(Annotation!B3:B544,"test",Annotation!C3:C544,"done") -> 0
A27: Mean minutes per completed paper | B27: =IFERROR(AVERAGEIF(Annotation!C3:C544,"done",Annotation!AI3:AI544),"-") -> -
A29: Source of the paper list | B29: Europe PMC, 2025, CC BY / CC0, deep-learning image classification (542 papers). Seeded random order (seed 20260923). See data/processed/frame_log.json.

Sheet Annotation
A1: order_no | B1: set | C1: status | D1: pmcid | E1: open | F1: title | G1: journal | H1: auto_hint | I1: eligible | J1: exclusion_reason | K1: A1_split_unit | L1: A1_evidence | M1: A2_preproc_before_split | N1: A2_evidence | O1: A3_aug_before_split | P1: A3_evidence | Q1: A4_test_for_selection | R1: A4_evidence | S1: A5_duplicate_check | T1: A5_evidence | U1: B1_external_validation | V1: B1_evidence | W1: B2_variability_reported | X1: B2_evidence | Y1: B3_stat_test_for_claim | Z1: B3_evidence | AA1: B4_baseline_protocol | AB1: B4_evidence | AC1: C1_code_available | AD1: C1_evidence | AE1: C2_data_available | AF1: C2_evidence | AG1: notes | AH1: external_note | AI1: minutes | AJ1: annotated_on
A2: EX | B2: EXAMPLE | C2: example | D2: PMC0000000 | E2: - | F2: EXAMPLE (fictional paper, not in the corpus): ResNet-50 classification of chest radiographs | G2: - | I2: Y | K2: RISK | L2: 1,200 radiographs from 400 patients || images were randomly split into 80% training and 20% testing | M2: SAFE | N2: images were resized to 224 x 224 and scaled to [0, 1] | O2: RISK | P2: after augmentation, the dataset of 6,000 images was split | Q2: UNCLEAR | R2: ABSENT | S2: NO | T2: ABSENT | U2: NO | V2: ABSENT | W2: NO | X2: ABSENT | Y2: NO | Z2: our model outperformed all compared methods | AA2: RISK | AB2: Table 5 compares our accuracy with the values reported in previous studies | AC2: YES | AD2: code is available at https://github.com/example/repo | AE2: PUBLIC | AF2: the dataset is publicly available on Kaggle | AG2: headline result = 3-class experiment | AI2: 9 | AJ2: 2026-09-24
A3: 1 | B3: =IF(I3="Y",IF(COUNTIF(I$3:I3,"Y")<=20,"pilot",IF(COUNTIF(I$3:I3,"Y")<=40,"dev",IF(COUNTIF(I$3:I3,"Y")<=200,"test","extra"))),"") | C3: =IF(I3="Y",IF(COUNTA(K3,M3,O3,Q3,S3,U3,W3,Y3,AA3,AC3,AE3)=11,"done","in progress"),IF(I3="N","excluded","")) | D3: PMC11975892 | E3: Europe PMC | F3: Early diagnosis of sepsis-associated AKI: based on destruction-replenishment contrast-enhanced ultrasonography | G3: Frontiers in medicine
A4: 2 | B4: =IF(I4="Y",IF(COUNTIF(I$3:I4,"Y")<=20,"pilot",IF(COUNTIF(I$3:I4,"Y")<=40,"dev",IF(COUNTIF(I$3:I4,"Y")<=200,"test","extra"))),"") | C4: =IF(I4="Y",IF(COUNTA(K4,M4,O4,Q4,S4,U4,W4,Y4,AA4,AC4,AE4)=11,"done","in progress"),IF(I4="N","excluded","")) | D4: PMC12412478 | E4: Europe PMC | F4: A Dynamic Contrast‐Enhanced MRI‐Based Vision Transformer Model for Distinguishing HER2‐Zero, ‐Low, and ‐Positive Expression in Breast Cancer and Exploring Model Interpretability | G4: Advanced science (Weinheim, Baden-Wurttemberg, Germany)
A5: 3 | B5: =IF(I5="Y",IF(COUNTIF(I$3:I5,"Y")<=20,"pilot",IF(COUNTIF(I$3:I5,"Y")<=40,"dev",IF(COUNTIF(I$3:I5,"Y")<=200,"test","extra"))),"") | C5: =IF(I5="Y",IF(COUNTA(K5,M5,O5,Q5,S5,U5,W5,Y5,AA5,AC5,AE5)=11,"done","in progress"),IF(I5="N","excluded","")) | D5: PMC12330392 | E5: Europe PMC | F5: Risk assessment of thyroid nodules with a multi-instance convolutional neural network | G5: Frontiers in oncology
A6: 4 | B6: =IF(I6="Y",IF(COUNTIF(I$3:I6,"Y")<=20,"pilot",IF(COUNTIF(I$3:I6,"Y")<=40,"dev",IF(COUNTIF(I$3:I6,"Y")<=200,"test","extra"))),"") | C6: =IF(I6="Y",IF(COUNTA(K6,M6,O6,Q6,S6,U6,W6,Y6,AA6,AC6,AE6)=11,"done","in progress"),IF(I6="N","excluded","")) | D6: PMC12387691 | E6: Europe PMC | F6: Evaluating the Impact of 2D MRI Slice Orientation and Location on Alzheimer’s Disease Diagnosis Using a Lightweight Convolutional Neural Network | G6: Journal of imaging
A7: 5 | B7: =IF(I7="Y",IF(COUNTIF(I$3:I7,"Y")<=20,"pilot",IF(COUNTIF(I$3:I7,"Y")<=40,"dev",IF(COUNTIF(I$3:I7,"Y")<=200,"test","extra"))),"") | C7: =IF(I7="Y",IF(COUNTA(K7,M7,O7,Q7,S7,U7,W7,Y7,AA7,AC7,AE7)=11,"done","in progress"),IF(I7="N","excluded","")) | D7: PMC12034867 | E7: Europe PMC | F7: Pilot Study of Using Machine Learning to Detect Atherosclerotic Renal Artery Stenosis From Spectral Doppler Waveforms | G7: Kidney international reports
A8: 6 | B8: =IF(I8="Y",IF(COUNTIF(I$3:I8,"Y")<=20,"pilot",IF(COUNTIF(I$3:I8,"Y")<=40,"dev",IF(COUNTIF(I$3:I8,"Y")<=200,"test","extra"))),"") | C8: =IF(I8="Y",IF(COUNTA(K8,M8,O8,Q8,S8,U8,W8,Y8,AA8,AC8,AE8)=11,"done","in progress"),IF(I8="N","excluded","")) | D8: PMC12649958 | E8: Europe PMC | F8: A Study on the Interpretability of Diabetic Retinopathy Diagnostic Models | G8: Bioengineering (Basel, Switzerland)
A9: 7 | B9: =IF(I9="Y",IF(COUNTIF(I$3:I9,"Y")<=20,"pilot",IF(COUNTIF(I$3:I9,"Y")<=40,"dev",IF(COUNTIF(I$3:I9,"Y")<=200,"test","extra"))),"") | C9: =IF(I9="Y",IF(COUNTA(K9,M9,O9,Q9,S9,U9,W9,Y9,AA9,AC9,AE9)=11,"done","in progress"),IF(I9="N","excluded","")) | D9: PMC12747359 | E9: Europe PMC | F9: Development of an automated ultrasonographic detection method for fecal retention using a transgluteal cleft approach | G9: PloS one
A10: 8 | B10: =IF(I10="Y",IF(COUNTIF(I$3:I10,"Y")<=20,"pilot",IF(COUNTIF(I$3:I10,"Y")<=40,"dev",IF(COUNTIF(I$3:I10,"Y")<=200,"test","extra"))),"") | C10: =IF(I10="Y",IF(COUNTA(K10,M10,O10,Q10,S10,U10,W10,Y10,AA10,AC10,AE10)=11,"done","in progress"),IF(I10="N","excluded","")) | D10: PMC11729117 | E10: Europe PMC | F10: Predicting intraoperative 5-ALA-induced tumor fluorescence via MRI and deep learning in gliomas with radiographic lower-grade characteristics | G10: Journal of neuro-oncology
A11: 9 | B11: =IF(I11="Y",IF(COUNTIF(I$3:I11,"Y")<=20,"pilot",IF(COUNTIF(I$3:I11,"Y")<=40,"dev",IF(COUNTIF(I$3:I11,"Y")<=200,"test","extra"))),"") | C11: =IF(I11="Y",IF(COUNTA(K11,M11,O11,Q11,S11,U11,W11,Y11,AA11,AC11,AE11)=11,"done","in progress"),IF(I11="N","excluded","")) | D11: PMC11873101 | E11: Europe PMC | F11: Contrastive self-supervised learning for neurodegenerative disorder classification | G11: Frontiers in neuroinformatics
A12: 10 | B12: =IF(I12="Y",IF(COUNTIF(I$3:I12,"Y")<=20,"pilot",IF(COUNTIF(I$3:I12,"Y")<=40,"dev",IF(COUNTIF(I$3:I12,"Y")<=200,"test","extra"))),"") | C12: =IF(I12="Y",IF(COUNTA(K12,M12,O12,Q12,S12,U12,W12,Y12,AA12,AC12,AE12)=11,"done","in progress"),IF(I12="N","excluded","")) | D12: PMC12468973 | E12: Europe PMC | F12: GlioSurvQNet: A DuelContextAttn DQN Framework for Brain Tumor Prognosis with Metaheuristic Optimization | G12: Diagnostics (Basel, Switzerland)
A13: 11 | B13: =IF(I13="Y",IF(COUNTIF(I$3:I13,"Y")<=20,"pilot",IF(COUNTIF(I$3:I13,"Y")<=40,"dev",IF(COUNTIF(I$3:I13,"Y")<=200,"test","extra"))),"") | C13: =IF(I13="Y",IF(COUNTA(K13,M13,O13,Q13,S13,U13,W13,Y13,AA13,AC13,AE13)=11,"done","in progress"),IF(I13="N","excluded","")) | D13: PMC12729362 | E13: Europe PMC | F13: Beyond VI-RADS Uncertainty: Leveraging Spatiotemporal DCE-MRI to Predict Bladder Cancer Muscle Invasion | G13: Bioengineering (Basel, Switzerland)
A14: 12 | B14: =IF(I14="Y",IF(COUNTIF(I$3:I14,"Y")<=20,"pilot",IF(COUNTIF(I$3:I14,"Y")<=40,"dev",IF(COUNTIF(I$3:I14,"Y")<=200,"test","extra"))),"") | C14: =IF(I14="Y",IF(COUNTA(K14,M14,O14,Q14,S14,U14,W14,Y14,AA14,AC14,AE14)=11,"done","in progress"),IF(I14="N","excluded","")) | D14: PMC12673201 | E14: Europe PMC | F14: Development of a deep learning algorithm for detecting significant coronary artery stenosis in whole-heart coronary magnetic resonance angiography | G14: Journal of cardiovascular magnetic resonance : official journal of the Society for Cardiovascular Magnetic Resonance
... A38: 36 | B38: =IF(I38="Y",IF(COUNTIF(I$3:I38,"Y")<=20,"pilot",IF(COUNTIF(I$3:I38,"Y")<=40,"dev",IF(COUNTIF(I$3:I38,"Y")<=200,"test","extra"))),"") | C38: =IF(I38="Y",IF(COUNTA(K38,M38,O38,Q38,S38,U38,W38,Y38,AA38,AC38,AE38)=11,"done","in progress"),IF(I38="N","excluded","")) | D38: PMC12191917 | E38: Europe PMC | F38: Characterizing Breast Tumor Heterogeneity Through IVIM-DWI Parameters and Signal Decay Analysis | G38: Diagnostics (Basel, Switzerland)
A39: 37 | B39: =IF(I39="Y",IF(COUNTIF(I$3:I39,"Y")<=20,"pilot",IF(COUNTIF(I$3:I39,"Y")<=40,"dev",IF(COUNTIF(I$3:I39,"Y")<=200,"test","extra"))),"") | C39: =IF(I39="Y",IF(COUNTA(K39,M39,O39,Q39,S39,U39,W39,Y39,AA39,AC39,AE39)=11,"done","in progress"),IF(I39="N","excluded","")) | D39: PMC11742393 | E39: Europe PMC | F39: Comparison of 1D and 3D volume measurement techniques in NF2-associated vestibular schwannoma monitoring | G39: Scientific reports | H39: no training/test wording found
A40: 38 | B40: =IF(I40="Y",IF(COUNTIF(I$3:I40,"Y")<=20,"pilot",IF(COUNTIF(I$3:I40,"Y")<=40,"dev",IF(COUNTIF(I$3:I40,"Y")<=200,"test","extra"))),"") | C40: =IF(I40="Y",IF(COUNTA(K40,M40,O40,Q40,S40,U40,W40,Y40,AA40,AC40,AE40)=11,"done","in progress"),IF(I40="N","excluded","")) | D40: PMC12654790 | E40: Europe PMC | F40: Interfacial Gap Prediction in Laser Welding of Pure Copper Overlap Joints Using Multiple Sensors | G40: Materials (Basel, Switzerland) | H40: no training/test wording found
A41: 39 | B41: =IF(I41="Y",IF(COUNTIF(I$3:I41,"Y")<=20,"pilot",IF(COUNTIF(I$3:I41,"Y")<=40,"dev",IF(COUNTIF(I$3:I41,"Y")<=200,"test","extra"))),"") | C41: =IF(I41="Y",IF(COUNTA(K41,M41,O41,Q41,S41,U41,W41,Y41,AA41,AC41,AE41)=11,"done","in progress"),IF(I41="N","excluded","")) | D41: PMC12842669 | E41: Europe PMC | F41: Adaptive Normalization Enhances the Generalization of Deep Learning Model in Chest X-Ray Classification | G41: Journal of imaging
A42: 40 | B42: =IF(I42="Y",IF(COUNTIF(I$3:I42,"Y")<=20,"pilot",IF(COUNTIF(I$3:I42,"Y")<=40,"dev",IF(COUNTIF(I$3:I42,"Y")<=200,"test","extra"))),"") | C42: =IF(I42="Y",IF(COUNTA(K42,M42,O42,Q42,S42,U42,W42,Y42,AA42,AC42,AE42)=11,"done","in progress"),IF(I42="N","excluded","")) | D42: PMC12720023 | E42: Europe PMC | F42: Proton radiography interpretation with artificial intelligence for treatment deviation detection in proton therapy☆ | G42: Physics and imaging in radiation oncology
A43: 41 | B43: =IF(I43="Y",IF(COUNTIF(I$3:I43,"Y")<=20,"pilot",IF(COUNTIF(I$3:I43,"Y")<=40,"dev",IF(COUNTIF(I$3:I43,"Y")<=200,"test","extra"))),"") | C43: =IF(I43="Y",IF(COUNTA(K43,M43,O43,Q43,S43,U43,W43,Y43,AA43,AC43,AE43)=11,"done","in progress"),IF(I43="N","excluded","")) | D43: PMC12753960 | E43: Europe PMC | F43: Secure pulmonary diagnosis using transformer-based approach to X-ray classification with KL divergence optimization | G43: Frontiers in medicine
A44: 42 | B44: =IF(I44="Y",IF(COUNTIF(I$3:I44,"Y")<=20,"pilot",IF(COUNTIF(I$3:I44,"Y")<=40,"dev",IF(COUNTIF(I$3:I44,"Y")<=200,"test","extra"))),"") | C44: =IF(I44="Y",IF(COUNTA(K44,M44,O44,Q44,S44,U44,W44,Y44,AA44,AC44,AE44)=11,"done","in progress"),IF(I44="N","excluded","")) | D44: PMC12105205 | E44: Europe PMC | F44: Detecting microcephaly and macrocephaly from ultrasound images using artificial intelligence | G44: BMC medical imaging
A45: 43 | B45: =IF(I45="Y",IF(COUNTIF(I$3:I45,"Y")<=20,"pilot",IF(COUNTIF(I$3:I45,"Y")<=40,"dev",IF(COUNTIF(I$3:I45,"Y")<=200,"test","extra"))),"") | C45: =IF(I45="Y",IF(COUNTA(K45,M45,O45,Q45,S45,U45,W45,Y45,AA45,AC45,AE45)=11,"done","in progress"),IF(I45="N","excluded","")) | D45: PMC12448012 | E45: Europe PMC | F45: Improving risk stratification and detection of early HCC using ultrasound-based deep learning models | G45: JHEP reports : innovation in hepatology
A46: 44 | B46: =IF(I46="Y",IF(COUNTIF(I$3:I46,"Y")<=20,"pilot",IF(COUNTIF(I$3:I46,"Y")<=40,"dev",IF(COUNTIF(I$3:I46,"Y")<=200,"test","extra"))),"") | C46: =IF(I46="Y",IF(COUNTA(K46,M46,O46,Q46,S46,U46,W46,Y46,AA46,AC46,AE46)=11,"done","in progress"),IF(I46="N","excluded","")) | D46: PMC12141588 | E46: Europe PMC | F46: KARNet: A Novel Deep-Learning Approach for Dementia Stage Detection in MRI Images | G46: Cureus
A47: 45 | B47: =IF(I47="Y",IF(COUNTIF(I$3:I47,"Y")<=20,"pilot",IF(COUNTIF(I$3:I47,"Y")<=40,"dev",IF(COUNTIF(I$3:I47,"Y")<=200,"test","extra"))),"") | C47: =IF(I47="Y",IF(COUNTA(K47,M47,O47,Q47,S47,U47,W47,Y47,AA47,AC47,AE47)=11,"done","in progress"),IF(I47="N","excluded","")) | D47: PMC12212162 | E47: Europe PMC | F47: Recognition and diagnosis of Alzheimer’s Disease using T1-weighted magnetic resonance imaging via integrating CNN and Swin vision transformer | G47: Clinics (Sao Paulo, Brazil)
A48: 46 | B48: =IF(I48="Y",IF(COUNTIF(I$3:I48,"Y")<=20,"pilot",IF(COUNTIF(I$3:I48,"Y")<=40,"dev",IF(COUNTIF(I$3:I48,"Y")<=200,"test","extra"))),"") | C48: =IF(I48="Y",IF(COUNTA(K48,M48,O48,Q48,S48,U48,W48,Y48,AA48,AC48,AE48)=11,"done","in progress"),IF(I48="N","excluded","")) | D48: PMC12191009 | E48: Europe PMC | F48: Hybrid Deep Learning Architecture with Adaptive Feature Fusion for Multi-Stage Alzheimer’s Disease Classification | G48: Brain sciences
A49: 47 | B49: =IF(I49="Y",IF(COUNTIF(I$3:I49,"Y")<=20,"pilot",IF(COUNTIF(I$3:I49,"Y")<=40,"dev",IF(COUNTIF(I$3:I49,"Y")<=200,"test","extra"))),"") | C49: =IF(I49="Y",IF(COUNTA(K49,M49,O49,Q49,S49,U49,W49,Y49,AA49,AC49,AE49)=11,"done","in progress"),IF(I49="N","excluded","")) | D49: PMC11786091 | E49: Europe PMC | F49: A deep learning approach versus expert clinician panel in the classification of posterior circulation infarction | G49: NeuroImage. Clinical
A50: 48 | B50: =IF(I50="Y",IF(COUNTIF(I$3:I50,"Y")<=20,"pilot",IF(COUNTIF(I$3:I50,"Y")<=40,"dev",IF(COUNTIF(I$3:I50,"Y")<=200,"test","extra"))),"") | C50: =IF(I50="Y",IF(COUNTA(K50,M50,O50,Q50,S50,U50,W50,Y50,AA50,AC50,AE50)=11,"done","in progress"),IF(I50="N","excluded","")) | D50: PMC12389973 | E50: Europe PMC | F50: Integrating Cortical Source Reconstruction and Adversarial Learning for EEG Classification | G50: Sensors (Basel, Switzerland)
A51: 49 | B51: =IF(I51="Y",IF(COUNTIF(I$3:I51,"Y")<=20,"pilot",IF(COUNTIF(I$3:I51,"Y")<=40,"dev",IF(COUNTIF(I$3:I51,"Y")<=200,"test","extra"))),"") | C51: =IF(I51="Y",IF(COUNTA(K51,M51,O51,Q51,S51,U51,W51,Y51,AA51,AC51,AE51)=11,"done","in progress"),IF(I51="N","excluded","")) | D51: PMC12838146 | E51: Europe PMC | F51: RadioGuide-DCN: A Radiomics-Guided Decorrelated Network for Medical Image Classification | G51: Bioengineering (Basel, Switzerland)
A52: 50 | B52: =IF(I52="Y",IF(COUNTIF(I$3:I52,"Y")<=20,"pilot",IF(COUNTIF(I$3:I52,"Y")<=40,"dev",IF(COUNTIF(I$3:I52,"Y")<=200,"test","extra"))),"") | C52: =IF(I52="Y",IF(COUNTA(K52,M52,O52,Q52,S52,U52,W52,Y52,AA52,AC52,AE52)=11,"done","in progress"),IF(I52="N","excluded","")) | D52: PMC12179520 | E52: Europe PMC | F52: A pathology-attention multi-instance learning framework for multimodal classification of colorectal lesions | G52: Frontiers in pharmacology
... A82: 80 | B82: =IF(I82="Y",IF(COUNTIF(I$3:I82,"Y")<=20,"pilot",IF(COUNTIF(I$3:I82,"Y")<=40,"dev",IF(COUNTIF(I$3:I82,"Y")<=200,"test","extra"))),"") | C82: =IF(I82="Y",IF(COUNTA(K82,M82,O82,Q82,S82,U82,W82,Y82,AA82,AC82,AE82)=11,"done","in progress"),IF(I82="N","excluded","")) | D82: PMC11861772 | E82: Europe PMC | F82: Preoperative prediction of the Lauren classification in gastric cancer using automated nnU-Net and radiomics: a multicenter study | G82: Insights into imaging
A83: 81 | B83: =IF(I83="Y",IF(COUNTIF(I$3:I83,"Y")<=20,"pilot",IF(COUNTIF(I$3:I83,"Y")<=40,"dev",IF(COUNTIF(I$3:I83,"Y")<=200,"test","extra"))),"") | C83: =IF(I83="Y",IF(COUNTA(K83,M83,O83,Q83,S83,U83,W83,Y83,AA83,AC83,AE83)=11,"done","in progress"),IF(I83="N","excluded","")) | D83: PMC11937600 | E83: Europe PMC | F83: Multimodal diagnosis of Alzheimer’s disease based on resting-state electroencephalography and structural magnetic resonance imaging | G83: Frontiers in physiology | H83: no training/test wording found
A84: 82 | B84: =IF(I84="Y",IF(COUNTIF(I$3:I84,"Y")<=20,"pilot",IF(COUNTIF(I$3:I84,"Y")<=40,"dev",IF(COUNTIF(I$3:I84,"Y")<=200,"test","extra"))),"") | C84: =IF(I84="Y",IF(COUNTA(K84,M84,O84,Q84,S84,U84,W84,Y84,AA84,AC84,AE84)=11,"done","in progress"),IF(I84="N","excluded","")) | D84: PMC12468869 | E84: Europe PMC | F84: Automated Detection and Segmentation of Ascending Aorta Dilation on a Non-ECG-Gated Chest CT Using Deep Learning | G84: Diagnostics (Basel, Switzerland)
A85: 83 | B85: =IF(I85="Y",IF(COUNTIF(I$3:I85,"Y")<=20,"pilot",IF(COUNTIF(I$3:I85,"Y")<=40,"dev",IF(COUNTIF(I$3:I85,"Y")<=200,"test","extra"))),"") | C85: =IF(I85="Y",IF(COUNTA(K85,M85,O85,Q85,S85,U85,W85,Y85,AA85,AC85,AE85)=11,"done","in progress"),IF(I85="N","excluded","")) | D85: PMC12020513 | E85: Europe PMC | F85: Improving healthcare sustainability using advanced brain simulations using a multi-modal deep learning strategy with VGG19 and bidirectional LSTM | G85: Frontiers in medicine
A86: 84 | B86: =IF(I86="Y",IF(COUNTIF(I$3:I86,"Y")<=20,"pilot",IF(COUNTIF(I$3:I86,"Y")<=40,"dev",IF(COUNTIF(I$3:I86,"Y")<=200,"test","extra"))),"") | C86: =IF(I86="Y",IF(COUNTA(K86,M86,O86,Q86,S86,U86,W86,Y86,AA86,AC86,AE86)=11,"done","in progress"),IF(I86="N","excluded","")) | D86: PMC12217170 | E86: Europe PMC | F86: A deep convolutional neural network-based novel class balancing for imbalance data segmentation | G86: Scientific reports
A87: 85 | B87: =IF(I87="Y",IF(COUNTIF(I$3:I87,"Y")<=20,"pilot",IF(COUNTIF(I$3:I87,"Y")<=40,"dev",IF(COUNTIF(I$3:I87,"Y")<=200,"test","extra"))),"") | C87: =IF(I87="Y",IF(COUNTA(K87,M87,O87,Q87,S87,U87,W87,Y87,AA87,AC87,AE87)=11,"done","in progress"),IF(I87="N","excluded","")) | D87: PMC12862092 | E87: Europe PMC | F87: Convolutional automatic identification of B-lines and interstitial syndrome in lung ultrasound images using pre-trained neural networks with feature fusion | G87: Frontiers in digital health
A88: 86 | B88: =IF(I88="Y",IF(COUNTIF(I$3:I88,"Y")<=20,"pilot",IF(COUNTIF(I$3:I88,"Y")<=40,"dev",IF(COUNTIF(I$3:I88,"Y")<=200,"test","extra"))),"") | C88: =IF(I88="Y",IF(COUNTA(K88,M88,O88,Q88,S88,U88,W88,Y88,AA88,AC88,AE88)=11,"done","in progress"),IF(I88="N","excluded","")) | D88: PMC12628488 | E88: Europe PMC | F88: Diffusion Models for Neuroimaging Data Augmentation: Assessing Realism and Clinical Relevance | G88: Journal of medical systems
A89: 87 | B89: =IF(I89="Y",IF(COUNTIF(I$3:I89,"Y")<=20,"pilot",IF(COUNTIF(I$3:I89,"Y")<=40,"dev",IF(COUNTIF(I$3:I89,"Y")<=200,"test","extra"))),"") | C89: =IF(I89="Y",IF(COUNTA(K89,M89,O89,Q89,S89,U89,W89,Y89,AA89,AC89,AE89)=11,"done","in progress"),IF(I89="N","excluded","")) | D89: PMC12535900 | E89: Europe PMC | F89: Multiparametric magnetic resonance imaging-based comprehensive model on prediction of lymphovascular space invasion in cervical cancer | G89: Frontiers in oncology
A90: 88 | B90: =IF(I90="Y",IF(COUNTIF(I$3:I90,"Y")<=20,"pilot",IF(COUNTIF(I$3:I90,"Y")<=40,"dev",IF(COUNTIF(I$3:I90,"Y")<=200,"test","extra"))),"") | C90: =IF(I90="Y",IF(COUNTA(K90,M90,O90,Q90,S90,U90,W90,Y90,AA90,AC90,AE90)=11,"done","in progress"),IF(I90="N","excluded","")) | D90: PMC11483474 | E90: Europe PMC | F90: Development and Validation of a Deep Learning Algorithm for Differentiation of Choroidal Nevi from Small Melanoma in Fundus Photographs | G90: Ophthalmology science
A91: 89 | B91: =IF(I91="Y",IF(COUNTIF(I$3:I91,"Y")<=20,"pilot",IF(COUNTIF(I$3:I91,"Y")<=40,"dev",IF(COUNTIF(I$3:I91,"Y")<=200,"test","extra"))),"") | C91: =IF(I91="Y",IF(COUNTA(K91,M91,O91,Q91,S91,U91,W91,Y91,AA91,AC91,AE91)=11,"done","in progress"),IF(I91="N","excluded","")) | D91: PMC12380340 | E91: Europe PMC | F91: Enhancing the early detection of Alzheimer’s disease using an integrated CNN-LSTM framework: A robust approach for fMRI-based multi-stage classification | G91: PloS one | H91: no training/test wording found
A92: 90 | B92: =IF(I92="Y",IF(COUNTIF(I$3:I92,"Y")<=20,"pilot",IF(COUNTIF(I$3:I92,"Y")<=40,"dev",IF(COUNTIF(I$3:I92,"Y")<=200,"test","extra"))),"") | C92: =IF(I92="Y",IF(COUNTA(K92,M92,O92,Q92,S92,U92,W92,Y92,AA92,AC92,AE92)=11,"done","in progress"),IF(I92="N","excluded","")) | D92: PMC11837479 | E92: Europe PMC | F92: Predicting malignant risk of ground-glass nodules using convolutional neural networks based on dual-time-point 18F-FDG PET/CT | G92: Cancer imaging : the official publication of the International Cancer Imaging Society
A93: 91 | B93: =IF(I93="Y",IF(COUNTIF(I$3:I93,"Y")<=20,"pilot",IF(COUNTIF(I$3:I93,"Y")<=40,"dev",IF(COUNTIF(I$3:I93,"Y")<=200,"test","extra"))),"") | C93: =IF(I93="Y",IF(COUNTA(K93,M93,O93,Q93,S93,U93,W93,Y93,AA93,AC93,AE93)=11,"done","in progress"),IF(I93="N","excluded","")) | D93: PMC12524090 | E93: Europe PMC | F93: A Robust Semi-Supervised Brain Tumor MRI Classification Network for Data-Constrained Clinical Environments | G93: Diagnostics (Basel, Switzerland)
A94: 92 | B94: =IF(I94="Y",IF(COUNTIF(I$3:I94,"Y")<=20,"pilot",IF(COUNTIF(I$3:I94,"Y")<=40,"dev",IF(COUNTIF(I$3:I94,"Y")<=200,"test","extra"))),"") | C94: =IF(I94="Y",IF(COUNTA(K94,M94,O94,Q94,S94,U94,W94,Y94,AA94,AC94,AE94)=11,"done","in progress"),IF(I94="N","excluded","")) | D94: PMC11837701 | E94: Europe PMC | F94: Integrating ultrasound radiomics and clinicopathological features for machine learning-based survival prediction in patients with nonmetastatic triple-negative breast cancer | G94: BMC cancer
A95: 93 | B95: =IF(I95="Y",IF(COUNTIF(I$3:I95,"Y")<=20,"pilot",IF(COUNTIF(I$3:I95,"Y")<=40,"dev",IF(COUNTIF(I$3:I95,"Y")<=200,"test","extra"))),"") | C95: =IF(I95="Y",IF(COUNTA(K95,M95,O95,Q95,S95,U95,W95,Y95,AA95,AC95,AE95)=11,"done","in progress"),IF(I95="N","excluded","")) | D95: PMC12701185 | E95: Europe PMC | F95: Explained Deep Learning Framework for COVID-19 Detection in Volumetric CT Images Aligned with the British Society of Thoracic Imaging Reporting Guidance: A Pilot Study | G95: Journal of imaging informatics in medicine
A96: 94 | B96: =IF(I96="Y",IF(COUNTIF(I$3:I96,"Y")<=20,"pilot",IF(COUNTIF(I$3:I96,"Y")<=40,"dev",IF(COUNTIF(I$3:I96,"Y")<=200,"test","extra"))),"") | C96: =IF(I96="Y",IF(COUNTA(K96,M96,O96,Q96,S96,U96,W96,Y96,AA96,AC96,AE96)=11,"done","in progress"),IF(I96="N","excluded","")) | D96: PMC12468862 | E96: Europe PMC | F96: Automated Computer-Assisted Diagnosis of Pleural Effusion in Chest X-Rays via Deep Learning | G96: Diagnostics (Basel, Switzerland)
A97: 95 | B97: =IF(I97="Y",IF(COUNTIF(I$3:I97,"Y")<=20,"pilot",IF(COUNTIF(I$3:I97,"Y")<=40,"dev",IF(COUNTIF(I$3:I97,"Y")<=200,"test","extra"))),"") | C97: =IF(I97="Y",IF(COUNTA(K97,M97,O97,Q97,S97,U97,W97,Y97,AA97,AC97,AE97)=11,"done","in progress"),IF(I97="N","excluded","")) | D97: PMC11899611 | E97: Europe PMC | F97: Enhanced Multi-Class Breast Cancer Classification from Whole-Slide Histopathology Images Using a Proposed Deep Learning Model | G97: Diagnostics (Basel, Switzerland)
A98: 96 | B98: =IF(I98="Y",IF(COUNTIF(I$3:I98,"Y")<=20,"pilot",IF(COUNTIF(I$3:I98,"Y")<=40,"dev",IF(COUNTIF(I$3:I98,"Y")<=200,"test","extra"))),"") | C98: =IF(I98="Y",IF(COUNTA(K98,M98,O98,Q98,S98,U98,W98,Y98,AA98,AC98,AE98)=11,"done","in progress"),IF(I98="N","excluded","")) | D98: PMC12399013 | E98: Europe PMC | F98: MSFE-GallNet-X: a multi-scale feature extraction-based CNN Model for gallbladder disease analysis with enhanced explainability | G98: BMC medical imaging
A99: 97 | B99: =IF(I99="Y",IF(COUNTIF(I$3:I99,"Y")<=20,"pilot",IF(COUNTIF(I$3:I99,"Y")<=40,"dev",IF(COUNTIF(I$3:I99,"Y")<=200,"test","extra"))),"") | C99: =IF(I99="Y",IF(COUNTA(K99,M99,O99,Q99,S99,U99,W99,Y99,AA99,AC99,AE99)=11,"done","in progress"),IF(I99="N","excluded","")) | D99: PMC12387618 | E99: Europe PMC | F99: ODDM: Integration of SMOTE Tomek with Deep Learning on Imbalanced Color Fundus Images for Classification of Several Ocular Diseases | G99: Journal of imaging
A100: 98 | B100: =IF(I100="Y",IF(COUNTIF(I$3:I100,"Y")<=20,"pilot",IF(COUNTIF(I$3:I100,"Y")<=40,"dev",IF(COUNTIF(I$3:I100,"Y")<=200,"test","extra"))),"") | C100: =IF(I100="Y",IF(COUNTA(K100,M100,O100,Q100,S100,U100,W100,Y100,AA100,AC100,AE100)=11,"done","in progress"),IF(I100="N","excluded","")) | D100: PMC12155400 | E100: Europe PMC | F100: An Information-Extreme Algorithm for Universal Nuclear Feature-Driven Automated Classification of Breast Cancer Cells | G100: Diagnostics (Basel, Switzerland)
A101: 99 | B101: =IF(I101="Y",IF(COUNTIF(I$3:I101,"Y")<=20,"pilot",IF(COUNTIF(I$3:I101,"Y")<=40,"dev",IF(COUNTIF(I$3:I101,"Y")<=200,"test","extra"))),"") | C101: =IF(I101="Y",IF(COUNTA(K101,M101,O101,Q101,S101,U101,W101,Y101,AA101,AC101,AE101)=11,"done","in progress"),IF(I101="N","excluded","")) | D101: PMC12349148 | E101: Europe PMC | F101: Segmentation-Assisted Fusion-Based Classification for Automated CXR Image Analysis | G101: Sensors (Basel, Switzerland)
A102: 100 | B102: =IF(I102="Y",IF(COUNTIF(I$3:I102,"Y")<=20,"pilot",IF(COUNTIF(I$3:I102,"Y")<=40,"dev",IF(COUNTIF(I$3:I102,"Y")<=200,"test","extra"))),"") | C102: =IF(I102="Y",IF(COUNTA(K102,M102,O102,Q102,S102,U102,W102,Y102,AA102,AC102,AE102)=11,"done","in progress"),IF(I102="N","excluded","")) | D102: PMC11902609 | E102: Europe PMC | F102: Automated Segmentation of Breast Cancer Focal Lesions on Ultrasound Images | G102: Sensors (Basel, Switzerland)
A103: 101 | B103: =IF(I103="Y",IF(COUNTIF(I$3:I103,"Y")<=20,"pilot",IF(COUNTIF(I$3:I103,"Y")<=40,"dev",IF(COUNTIF(I$3:I103,"Y")<=200,"test","extra"))),"") | C103: =IF(I103="Y",IF(COUNTA(K103,M103,O103,Q103,S103,U103,W103,Y103,AA103,AC103,AE103)=11,"done","in progress"),IF(I103="N","excluded","")) | D103: PMC12070956 | E103: Europe PMC | F103: Deep Learning-Based Classification of Canine Cataracts from Ocular B-Mode Ultrasound Images | G103: Animals : an open access journal from MDPI
... A160: 158 | B160: =IF(I160="Y",IF(COUNTIF(I$3:I160,"Y")<=20,"pilot",IF(COUNTIF(I$3:I160,"Y")<=40,"dev",IF(COUNTIF(I$3:I160,"Y")<=200,"test","extra"))),"") | C160: =IF(I160="Y",IF(COUNTA(K160,M160,O160,Q160,S160,U160,W160,Y160,AA160,AC160,AE160)=11,"done","in progress"),IF(I160="N","excluded","")) | D160: PMC12606778 | E160: Europe PMC | F160: OTC-NET: A Multimodal Method for Accurate Diagnosis of Ovarian Cancer in O-RADS Category 4 Masses | G160: Cancers
A161: 159 | B161: =IF(I161="Y",IF(COUNTIF(I$3:I161,"Y")<=20,"pilot",IF(COUNTIF(I$3:I161,"Y")<=40,"dev",IF(COUNTIF(I$3:I161,"Y")<=200,"test","extra"))),"") | C161: =IF(I161="Y",IF(COUNTA(K161,M161,O161,Q161,S161,U161,W161,Y161,AA161,AC161,AE161)=11,"done","in progress"),IF(I161="N","excluded","")) | D161: PMC11968703 | E161: Europe PMC | F161: An imaging and genetic-based deep learning network for Alzheimer's disease diagnosis | G161: Frontiers in aging neuroscience | H161: article type 'methods-article'
A162: 160 | B162: =IF(I162="Y",IF(COUNTIF(I$3:I162,"Y")<=20,"pilot",IF(COUNTIF(I$3:I162,"Y")<=40,"dev",IF(COUNTIF(I$3:I162,"Y")<=200,"test","extra"))),"") | C162: =IF(I162="Y",IF(COUNTA(K162,M162,O162,Q162,S162,U162,W162,Y162,AA162,AC162,AE162)=11,"done","in progress"),IF(I162="N","excluded","")) | D162: PMC12467930 | E162: Europe PMC | F162: From Anatomy to Genomics Using a Multi-Task Deep Learning Approach for Comprehensive Glioma Profiling | G162: Bioengineering (Basel, Switzerland)
A163: 161 | B163: =IF(I163="Y",IF(COUNTIF(I$3:I163,"Y")<=20,"pilot",IF(COUNTIF(I$3:I163,"Y")<=40,"dev",IF(COUNTIF(I$3:I163,"Y")<=200,"test","extra"))),"") | C163: =IF(I163="Y",IF(COUNTA(K163,M163,O163,Q163,S163,U163,W163,Y163,AA163,AC163,AE163)=11,"done","in progress"),IF(I163="N","excluded","")) | D163: PMC13223431 | E163: Europe PMC | F163: Fine-grained Prototype Network for MRI Sequence Classification | G163: Current medical imaging
A164: 162 | B164: =IF(I164="Y",IF(COUNTIF(I$3:I164,"Y")<=20,"pilot",IF(COUNTIF(I$3:I164,"Y")<=40,"dev",IF(COUNTIF(I$3:I164,"Y")<=200,"test","extra"))),"") | C164: =IF(I164="Y",IF(COUNTA(K164,M164,O164,Q164,S164,U164,W164,Y164,AA164,AC164,AE164)=11,"done","in progress"),IF(I164="N","excluded","")) | D164: PMC12513637 | E164: Europe PMC | F164: Advanced deep learning-based brain tumor classification using a novel customized CNN and optimized residual network | G164: PloS one
A165: 163 | B165: =IF(I165="Y",IF(COUNTIF(I$3:I165,"Y")<=20,"pilot",IF(COUNTIF(I$3:I165,"Y")<=40,"dev",IF(COUNTIF(I$3:I165,"Y")<=200,"test","extra"))),"") | C165: =IF(I165="Y",IF(COUNTA(K165,M165,O165,Q165,S165,U165,W165,Y165,AA165,AC165,AE165)=11,"done","in progress"),IF(I165="N","excluded","")) | D165: PMC12687559 | E165: Europe PMC | F165: Multi-model deep learning for dementia detection: addressing data and model limitations | G165: Frontiers in neuroscience
A166: 164 | B166: =IF(I166="Y",IF(COUNTIF(I$3:I166,"Y")<=20,"pilot",IF(COUNTIF(I$3:I166,"Y")<=40,"dev",IF(COUNTIF(I$3:I166,"Y")<=200,"test","extra"))),"") | C166: =IF(I166="Y",IF(COUNTA(K166,M166,O166,Q166,S166,U166,W166,Y166,AA166,AC166,AE166)=11,"done","in progress"),IF(I166="N","excluded","")) | D166: PMC12316318 | E166: Europe PMC | F166: A comparative study of machine learning models for automated detection and classification of retinal diseases in Ghana | G166: PloS one
A167: 165 | B167: =IF(I167="Y",IF(COUNTIF(I$3:I167,"Y")<=20,"pilot",IF(COUNTIF(I$3:I167,"Y")<=40,"dev",IF(COUNTIF(I$3:I167,"Y")<=200,"test","extra"))),"") | C167: =IF(I167="Y",IF(COUNTA(K167,M167,O167,Q167,S167,U167,W167,Y167,AA167,AC167,AE167)=11,"done","in progress"),IF(I167="N","excluded","")) | D167: PMC12353728 | E167: Europe PMC | F167: Enhancing head and neck cancer detection accuracy in digitized whole-slide histology with the HNSC-classifier: a deep learning approach | G167: Frontiers in molecular biosciences
A168: 166 | B168: =IF(I168="Y",IF(COUNTIF(I$3:I168,"Y")<=20,"pilot",IF(COUNTIF(I$3:I168,"Y")<=40,"dev",IF(COUNTIF(I$3:I168,"Y")<=200,"test","extra"))),"") | C168: =IF(I168="Y",IF(COUNTA(K168,M168,O168,Q168,S168,U168,W168,Y168,AA168,AC168,AE168)=11,"done","in progress"),IF(I168="N","excluded","")) | D168: PMC12485631 | E168: Europe PMC | F168: A deep learning approach for brain tumour classification and detection in MRI images using YOLOv7 | G168: Frontiers in oncology
A169: 167 | B169: =IF(I169="Y",IF(COUNTIF(I$3:I169,"Y")<=20,"pilot",IF(COUNTIF(I$3:I169,"Y")<=40,"dev",IF(COUNTIF(I$3:I169,"Y")<=200,"test","extra"))),"") | C169: =IF(I169="Y",IF(COUNTA(K169,M169,O169,Q169,S169,U169,W169,Y169,AA169,AC169,AE169)=11,"done","in progress"),IF(I169="N","excluded","")) | D169: PMC11999846 | E169: Europe PMC | F169: Construction of the preoperative staging prediction model for cervical cancer based on deep learning and MRI: a retrospective study | G169: Frontiers in oncology
A170: 168 | B170: =IF(I170="Y",IF(COUNTIF(I$3:I170,"Y")<=20,"pilot",IF(COUNTIF(I$3:I170,"Y")<=40,"dev",IF(COUNTIF(I$3:I170,"Y")<=200,"test","extra"))),"") | C170: =IF(I170="Y",IF(COUNTA(K170,M170,O170,Q170,S170,U170,W170,Y170,AA170,AC170,AE170)=11,"done","in progress"),IF(I170="N","excluded","")) | D170: PMC12396830 | E170: Europe PMC | F170: Deep Learning Radiomics Model Based on Computed Tomography Image for Predicting the Classification of Osteoporotic Vertebral Fractures: Algorithm Development and Validation | G170: JMIR medical informatics
A171: 169 | B171: =IF(I171="Y",IF(COUNTIF(I$3:I171,"Y")<=20,"pilot",IF(COUNTIF(I$3:I171,"Y")<=40,"dev",IF(COUNTIF(I$3:I171,"Y")<=200,"test","extra"))),"") | C171: =IF(I171="Y",IF(COUNTA(K171,M171,O171,Q171,S171,U171,W171,Y171,AA171,AC171,AE171)=11,"done","in progress"),IF(I171="N","excluded","")) | D171: PMC12689593 | E171: Europe PMC | F171: Quantum AI for psychiatric diagnosis: enhancing dementia classification with quantum machine learning | G171: Frontiers in psychiatry
A172: 170 | B172: =IF(I172="Y",IF(COUNTIF(I$3:I172,"Y")<=20,"pilot",IF(COUNTIF(I$3:I172,"Y")<=40,"dev",IF(COUNTIF(I$3:I172,"Y")<=200,"test","extra"))),"") | C172: =IF(I172="Y",IF(COUNTA(K172,M172,O172,Q172,S172,U172,W172,Y172,AA172,AC172,AE172)=11,"done","in progress"),IF(I172="N","excluded","")) | D172: PMC12345889 | E172: Europe PMC | F172: Deep Learning-Based Differentiation of Vertebral Body Lesions on Magnetic Resonance Imaging | G172: Diagnostics (Basel, Switzerland)
A173: 171 | B173: =IF(I173="Y",IF(COUNTIF(I$3:I173,"Y")<=20,"pilot",IF(COUNTIF(I$3:I173,"Y")<=40,"dev",IF(COUNTIF(I$3:I173,"Y")<=200,"test","extra"))),"") | C173: =IF(I173="Y",IF(COUNTA(K173,M173,O173,Q173,S173,U173,W173,Y173,AA173,AC173,AE173)=11,"done","in progress"),IF(I173="N","excluded","")) | D173: PMC12737021 | E173: Europe PMC | F173: Clinically Focused Computer-Aided Diagnosis for Breast Cancer Using SE and CBAM with Multi-Head Attention | G173: Tomography (Ann Arbor, Mich.)
... A195: 193 | B195: =IF(I195="Y",IF(COUNTIF(I$3:I195,"Y")<=20,"pilot",IF(COUNTIF(I$3:I195,"Y")<=40,"dev",IF(COUNTIF(I$3:I195,"Y")<=200,"test","extra"))),"") | C195: =IF(I195="Y",IF(COUNTA(K195,M195,O195,Q195,S195,U195,W195,Y195,AA195,AC195,AE195)=11,"done","in progress"),IF(I195="N","excluded","")) | D195: PMC12454447 | E195: Europe PMC | F195: Intervertebral disc anomaly intelligent classification system based on deep learning, IDAICS | G195: Frontiers in radiology
A196: 194 | B196: =IF(I196="Y",IF(COUNTIF(I$3:I196,"Y")<=20,"pilot",IF(COUNTIF(I$3:I196,"Y")<=40,"dev",IF(COUNTIF(I$3:I196,"Y")<=200,"test","extra"))),"") | C196: =IF(I196="Y",IF(COUNTA(K196,M196,O196,Q196,S196,U196,W196,Y196,AA196,AC196,AE196)=11,"done","in progress"),IF(I196="N","excluded","")) | D196: PMC12165889 | E196: Europe PMC | F196: Malignancy risk stratification for pulmonary nodules: comparing a deep learning approach to multiparametric statistical models in different disease groups | G196: European radiology | H196: no training/test wording found
A197: 195 | B197: =IF(I197="Y",IF(COUNTIF(I$3:I197,"Y")<=20,"pilot",IF(COUNTIF(I$3:I197,"Y")<=40,"dev",IF(COUNTIF(I$3:I197,"Y")<=200,"test","extra"))),"") | C197: =IF(I197="Y",IF(COUNTA(K197,M197,O197,Q197,S197,U197,W197,Y197,AA197,AC197,AE197)=11,"done","in progress"),IF(I197="N","excluded","")) | D197: PMC11988322 | E197: Europe PMC | F197: A Distillation Approach to Transformer-Based Medical Image Classification with Limited Data | G197: Diagnostics (Basel, Switzerland)
A198: 196 | B198: =IF(I198="Y",IF(COUNTIF(I$3:I198,"Y")<=20,"pilot",IF(COUNTIF(I$3:I198,"Y")<=40,"dev",IF(COUNTIF(I$3:I198,"Y")<=200,"test","extra"))),"") | C198: =IF(I198="Y",IF(COUNTA(K198,M198,O198,Q198,S198,U198,W198,Y198,AA198,AC198,AE198)=11,"done","in progress"),IF(I198="N","excluded","")) | D198: PMC12405214 | E198: Europe PMC | F198: A novel MRI-based deep learning–radiomics framework for evaluating cerebrospinal fluid signal in central nervous system infection | G198: Frontiers in medicine
A199: 197 | B199: =IF(I199="Y",IF(COUNTIF(I$3:I199,"Y")<=20,"pilot",IF(COUNTIF(I$3:I199,"Y")<=40,"dev",IF(COUNTIF(I$3:I199,"Y")<=200,"test","extra"))),"") | C199: =IF(I199="Y",IF(COUNTA(K199,M199,O199,Q199,S199,U199,W199,Y199,AA199,AC199,AE199)=11,"done","in progress"),IF(I199="N","excluded","")) | D199: PMC12157125 | E199: Europe PMC | F199: Improving lung cancer diagnosis and survival prediction with deep learning and CT imaging | G199: PloS one
A200: 198 | B200: =IF(I200="Y",IF(COUNTIF(I$3:I200,"Y")<=20,"pilot",IF(COUNTIF(I$3:I200,"Y")<=40,"dev",IF(COUNTIF(I$3:I200,"Y")<=200,"test","extra"))),"") | C200: =IF(I200="Y",IF(COUNTA(K200,M200,O200,Q200,S200,U200,W200,Y200,AA200,AC200,AE200)=11,"done","in progress"),IF(I200="N","excluded","")) | D200: PMC12162252 | E200: Europe PMC | F200: Graph-based analysis of histopathological images for lung cancer classification using GLCM features and enhanced graph | G200: Frontiers in oncology
A201: 199 | B201: =IF(I201="Y",IF(COUNTIF(I$3:I201,"Y")<=20,"pilot",IF(COUNTIF(I$3:I201,"Y")<=40,"dev",IF(COUNTIF(I$3:I201,"Y")<=200,"test","extra"))),"") | C201: =IF(I201="Y",IF(COUNTA(K201,M201,O201,Q201,S201,U201,W201,Y201,AA201,AC201,AE201)=11,"done","in progress"),IF(I201="N","excluded","")) | D201: PMC12572109 | E201: Europe PMC | F201: A deep learning approach to predict temporal changes of subdural hemorrhage on computed tomography | G201: Scientific reports
A202: 200 | B202: =IF(I202="Y",IF(COUNTIF(I$3:I202,"Y")<=20,"pilot",IF(COUNTIF(I$3:I202,"Y")<=40,"dev",IF(COUNTIF(I$3:I202,"Y")<=200,"test","extra"))),"") | C202: =IF(I202="Y",IF(COUNTA(K202,M202,O202,Q202,S202,U202,W202,Y202,AA202,AC202,AE202)=11,"done","in progress"),IF(I202="N","excluded","")) | D202: PMC11763917 | E202: Europe PMC | F202: Explainable Self-Supervised Dynamic Neuroimaging Using Time Reversal | G202: Brain sciences
A203: 201 | B203: =IF(I203="Y",IF(COUNTIF(I$3:I203,"Y")<=20,"pilot",IF(COUNTIF(I$3:I203,"Y")<=40,"dev",IF(COUNTIF(I$3:I203,"Y")<=200,"test","extra"))),"") | C203: =IF(I203="Y",IF(COUNTA(K203,M203,O203,Q203,S203,U203,W203,Y203,AA203,AC203,AE203)=11,"done","in progress"),IF(I203="N","excluded","")) | D203: PMC11695392 | E203: Europe PMC | F203: Deep learning approaches for the detection of scar presence from cine cardiac magnetic resonance adding derived parametric images | G203: Medical & biological engineering & computing
A204: 202 | B204: =IF(I204="Y",IF(COUNTIF(I$3:I204,"Y")<=20,"pilot",IF(COUNTIF(I$3:I204,"Y")<=40,"dev",IF(COUNTIF(I$3:I204,"Y")<=200,"test","extra"))),"") | C204: =IF(I204="Y",IF(COUNTA(K204,M204,O204,Q204,S204,U204,W204,Y204,AA204,AC204,AE204)=11,"done","in progress"),IF(I204="N","excluded","")) | D204: PMC12346189 | E204: Europe PMC | F204: Role of Feature Diversity in the Performance of Hybrid Models—An Investigation of Brain Tumor Classification from Brain MRI Scans | G204: Diagnostics (Basel, Switzerland)
A205: 203 | B205: =IF(I205="Y",IF(COUNTIF(I$3:I205,"Y")<=20,"pilot",IF(COUNTIF(I$3:I205,"Y")<=40,"dev",IF(COUNTIF(I$3:I205,"Y")<=200,"test","extra"))),"") | C205: =IF(I205="Y",IF(COUNTA(K205,M205,O205,Q205,S205,U205,W205,Y205,AA205,AC205,AE205)=11,"done","in progress"),IF(I205="N","excluded","")) | D205: PMC12336342 | E205: Europe PMC | F205: Improving early detection of Alzheimer’s disease through MRI slice selection and deep learning techniques | G205: Scientific reports
A206: 204 | B206: =IF(I206="Y",IF(COUNTIF(I$3:I206,"Y")<=20,"pilot",IF(COUNTIF(I$3:I206,"Y")<=40,"dev",IF(COUNTIF(I$3:I206,"Y")<=200,"test","extra"))),"") | C206: =IF(I206="Y",IF(COUNTA(K206,M206,O206,Q206,S206,U206,W206,Y206,AA206,AC206,AE206)=11,"done","in progress"),IF(I206="N","excluded","")) | D206: PMC11866614 | E206: Europe PMC | F206: Using deep learning to differentiate among histology renal tumor types in computed tomography scans | G206: BMC medical imaging
A207: 205 | B207: =IF(I207="Y",IF(COUNTIF(I$3:I207,"Y")<=20,"pilot",IF(COUNTIF(I$3:I207,"Y")<=40,"dev",IF(COUNTIF(I$3:I207,"Y")<=200,"test","extra"))),"") | C207: =IF(I207="Y",IF(COUNTA(K207,M207,O207,Q207,S207,U207,W207,Y207,AA207,AC207,AE207)=11,"done","in progress"),IF(I207="N","excluded","")) | D207: PMC12066621 | E207: Europe PMC | F207: MRI-based deep learning with clinical and imaging features to differentiate medulloblastoma and ependymoma in children | G207: Frontiers in molecular biosciences
A208: 206 | B208: =IF(I208="Y",IF(COUNTIF(I$3:I208,"Y")<=20,"pilot",IF(COUNTIF(I$3:I208,"Y")<=40,"dev",IF(COUNTIF(I$3:I208,"Y")<=200,"test","extra"))),"") | C208: =IF(I208="Y",IF(COUNTA(K208,M208,O208,Q208,S208,U208,W208,Y208,AA208,AC208,AE208)=11,"done","in progress"),IF(I208="N","excluded","")) | D208: PMC11999292 | E208: Europe PMC | F208: Grey wolf optimization technique with U-shaped and capsule networks-A novel framework for glaucoma diagnosis | G208: MethodsX
... A274: 272 | B274: =IF(I274="Y",IF(COUNTIF(I$3:I274,"Y")<=20,"pilot",IF(COUNTIF(I$3:I274,"Y")<=40,"dev",IF(COUNTIF(I$3:I274,"Y")<=200,"test","extra"))),"") | C274: =IF(I274="Y",IF(COUNTA(K274,M274,O274,Q274,S274,U274,W274,Y274,AA274,AC274,AE274)=11,"done","in progress"),IF(I274="N","excluded","")) | D274: PMC12271101 | E274: Europe PMC | F274: Deep learning-based method for grading histopathological liver fibrosis in rodent models of metabolic dysfunction-associated steatohepatitis | G274: Frontiers in medicine
A275: 273 | B275: =IF(I275="Y",IF(COUNTIF(I$3:I275,"Y")<=20,"pilot",IF(COUNTIF(I$3:I275,"Y")<=40,"dev",IF(COUNTIF(I$3:I275,"Y")<=200,"test","extra"))),"") | C275: =IF(I275="Y",IF(COUNTA(K275,M275,O275,Q275,S275,U275,W275,Y275,AA275,AC275,AE275)=11,"done","in progress"),IF(I275="N","excluded","")) | D275: PMC11970440 | E275: Europe PMC | F275: Employing Squeeze-and-Excitation Architecture in a Fine-Tuned Convolutional Neural Network for Magnetic Resonance Imaging Tumor Classification | G275: Cureus | H275: article type 'other'
A276: 274 | B276: =IF(I276="Y",IF(COUNTIF(I$3:I276,"Y")<=20,"pilot",IF(COUNTIF(I$3:I276,"Y")<=40,"dev",IF(COUNTIF(I$3:I276,"Y")<=200,"test","extra"))),"") | C276: =IF(I276="Y",IF(COUNTA(K276,M276,O276,Q276,S276,U276,W276,Y276,AA276,AC276,AE276)=11,"done","in progress"),IF(I276="N","excluded","")) | D276: PMC11999707 | E276: Europe PMC | F276: A comparative study of explainability methods for whole slide classification of lymph node metastases using vision transformers | G276: PLOS digital health
A277: 275 | B277: =IF(I277="Y",IF(COUNTIF(I$3:I277,"Y")<=20,"pilot",IF(COUNTIF(I$3:I277,"Y")<=40,"dev",IF(COUNTIF(I$3:I277,"Y")<=200,"test","extra"))),"") | C277: =IF(I277="Y",IF(COUNTA(K277,M277,O277,Q277,S277,U277,W277,Y277,AA277,AC277,AE277)=11,"done","in progress"),IF(I277="N","excluded","")) | D277: PMC12074408 | E277: Europe PMC | F277: Multimodal MRI Image Fusion for Early Automatic Staging of Endometrial Cancer | G277: Sensors (Basel, Switzerland)
A278: 276 | B278: =IF(I278="Y",IF(COUNTIF(I$3:I278,"Y")<=20,"pilot",IF(COUNTIF(I$3:I278,"Y")<=40,"dev",IF(COUNTIF(I$3:I278,"Y")<=200,"test","extra"))),"") | C278: =IF(I278="Y",IF(COUNTA(K278,M278,O278,Q278,S278,U278,W278,Y278,AA278,AC278,AE278)=11,"done","in progress"),IF(I278="N","excluded","")) | D278: PMC12154171 | E278: Europe PMC | F278: Optimizing CNN-Based Diagnosis of Knee Osteoarthritis: Enhancing Model Accuracy with CleanLab Relabeling | G278: Diagnostics (Basel, Switzerland)
A279: 277 | B279: =IF(I279="Y",IF(COUNTIF(I$3:I279,"Y")<=20,"pilot",IF(COUNTIF(I$3:I279,"Y")<=40,"dev",IF(COUNTIF(I$3:I279,"Y")<=200,"test","extra"))),"") | C279: =IF(I279="Y",IF(COUNTA(K279,M279,O279,Q279,S279,U279,W279,Y279,AA279,AC279,AE279)=11,"done","in progress"),IF(I279="N","excluded","")) | D279: PMC12204963 | E279: Europe PMC | F279: A two-step automatic identification of contrast phases for abdominal CT images based on residual networks | G279: Insights into imaging
A280: 278 | B280: =IF(I280="Y",IF(COUNTIF(I$3:I280,"Y")<=20,"pilot",IF(COUNTIF(I$3:I280,"Y")<=40,"dev",IF(COUNTIF(I$3:I280,"Y")<=200,"test","extra"))),"") | C280: =IF(I280="Y",IF(COUNTA(K280,M280,O280,Q280,S280,U280,W280,Y280,AA280,AC280,AE280)=11,"done","in progress"),IF(I280="N","excluded","")) | D280: PMC12088959 | E280: Europe PMC | F280: Leveraging spatial dependencies and multi-scale features for automated knee injury detection on MRI diagnosis | G280: Frontiers in bioengineering and biotechnology
A281: 279 | B281: =IF(I281="Y",IF(COUNTIF(I$3:I281,"Y")<=20,"pilot",IF(COUNTIF(I$3:I281,"Y")<=40,"dev",IF(COUNTIF(I$3:I281,"Y")<=200,"test","extra"))),"") | C281: =IF(I281="Y",IF(COUNTA(K281,M281,O281,Q281,S281,U281,W281,Y281,AA281,AC281,AE281)=11,"done","in progress"),IF(I281="N","excluded","")) | D281: PMC11719945 | E281: Europe PMC | F281: Advanced Brain Tumor Classification in MR Images Using Transfer Learning and Pre-Trained Deep CNN Models | G281: Cancers
A282: 280 | B282: =IF(I282="Y",IF(COUNTIF(I$3:I282,"Y")<=20,"pilot",IF(COUNTIF(I$3:I282,"Y")<=40,"dev",IF(COUNTIF(I$3:I282,"Y")<=200,"test","extra"))),"") | C282: =IF(I282="Y",IF(COUNTA(K282,M282,O282,Q282,S282,U282,W282,Y282,AA282,AC282,AE282)=11,"done","in progress"),IF(I282="N","excluded","")) | D282: PMC12280878 | E282: Europe PMC | F282: OMT and tensor SVD–based deep learning model for segmentation and predicting genetic markers of glioma: A multicenter study | G282: Proceedings of the National Academy of Sciences of the United States of America
A283: 281 | B283: =IF(I283="Y",IF(COUNTIF(I$3:I283,"Y")<=20,"pilot",IF(COUNTIF(I$3:I283,"Y")<=40,"dev",IF(COUNTIF(I$3:I283,"Y")<=200,"test","extra"))),"") | C283: =IF(I283="Y",IF(COUNTA(K283,M283,O283,Q283,S283,U283,W283,Y283,AA283,AC283,AE283)=11,"done","in progress"),IF(I283="N","excluded","")) | D283: PMC12074947 | E283: Europe PMC | F283: Prediction of prognosis in acute ischemic stroke after mechanical thrombectomy based on multimodal MRI radiomics and deep learning | G283: Frontiers in neurology
A284: 282 | B284: =IF(I284="Y",IF(COUNTIF(I$3:I284,"Y")<=20,"pilot",IF(COUNTIF(I$3:I284,"Y")<=40,"dev",IF(COUNTIF(I$3:I284,"Y")<=200,"test","extra"))),"") | C284: =IF(I284="Y",IF(COUNTA(K284,M284,O284,Q284,S284,U284,W284,Y284,AA284,AC284,AE284)=11,"done","in progress"),IF(I284="N","excluded","")) | D284: PMC12516162 | E284: Europe PMC | F284: Automated segmentation of multiple sclerosis lesions, paramagnetic rims, and central vein sign on MRI provides reliable diagnostic biomarkers | G284: Imaging neuroscience (Cambridge, Mass.)
A285: 283 | B285: =IF(I285="Y",IF(COUNTIF(I$3:I285,"Y")<=20,"pilot",IF(COUNTIF(I$3:I285,"Y")<=40,"dev",IF(COUNTIF(I$3:I285,"Y")<=200,"test","extra"))),"") | C285: =IF(I285="Y",IF(COUNTA(K285,M285,O285,Q285,S285,U285,W285,Y285,AA285,AC285,AE285)=11,"done","in progress"),IF(I285="N","excluded","")) | D285: PMC12833394 | E285: Europe PMC | F285: Enhanced multi-class object detector for bone fracture diagnosis with prescription recommendation | G285: Frontiers in artificial intelligence
A286: 284 | B286: =IF(I286="Y",IF(COUNTIF(I$3:I286,"Y")<=20,"pilot",IF(COUNTIF(I$3:I286,"Y")<=40,"dev",IF(COUNTIF(I$3:I286,"Y")<=200,"test","extra"))),"") | C286: =IF(I286="Y",IF(COUNTA(K286,M286,O286,Q286,S286,U286,W286,Y286,AA286,AC286,AE286)=11,"done","in progress"),IF(I286="N","excluded","")) | D286: PMC12245699 | E286: Europe PMC | F286: Prostate cancer classification using 3D deep learning and ultrasound video clips: a multicenter study | G286: Frontiers in oncology
A287: 285 | B287: =IF(I287="Y",IF(COUNTIF(I$3:I287,"Y")<=20,"pilot",IF(COUNTIF(I$3:I287,"Y")<=40,"dev",IF(COUNTIF(I$3:I287,"Y")<=200,"test","extra"))),"") | C287: =IF(I287="Y",IF(COUNTA(K287,M287,O287,Q287,S287,U287,W287,Y287,AA287,AC287,AE287)=11,"done","in progress"),IF(I287="N","excluded","")) | D287: PMC12610351 | E287: Europe PMC | F287: Automated Detection of Lumbosacral Transitional Vertebrae on Plain Lumbar Radiographs Using a Deep Learning Model | G287: Journal of clinical medicine
... A307: 305 | B307: =IF(I307="Y",IF(COUNTIF(I$3:I307,"Y")<=20,"pilot",IF(COUNTIF(I$3:I307,"Y")<=40,"dev",IF(COUNTIF(I$3:I307,"Y")<=200,"test","extra"))),"") | C307: =IF(I307="Y",IF(COUNTA(K307,M307,O307,Q307,S307,U307,W307,Y307,AA307,AC307,AE307)=11,"done","in progress"),IF(I307="N","excluded","")) | D307: PMC12531632 | E307: Europe PMC | F307: Explainable AI-enabled hybrid deep learning architecture for breast cancer detection | G307: Frontiers in immunology
A308: 306 | B308: =IF(I308="Y",IF(COUNTIF(I$3:I308,"Y")<=20,"pilot",IF(COUNTIF(I$3:I308,"Y")<=40,"dev",IF(COUNTIF(I$3:I308,"Y")<=200,"test","extra"))),"") | C308: =IF(I308="Y",IF(COUNTA(K308,M308,O308,Q308,S308,U308,W308,Y308,AA308,AC308,AE308)=11,"done","in progress"),IF(I308="N","excluded","")) | D308: PMC12524272 | E308: Europe PMC | F308: Automatic Diagnosis, Classification, and Segmentation of Abdominal Aortic Aneurysm and Dissection from Computed Tomography Images | G308: Diagnostics (Basel, Switzerland) | H308: no training/test wording found
A309: 307 | B309: =IF(I309="Y",IF(COUNTIF(I$3:I309,"Y")<=20,"pilot",IF(COUNTIF(I$3:I309,"Y")<=40,"dev",IF(COUNTIF(I$3:I309,"Y")<=200,"test","extra"))),"") | C309: =IF(I309="Y",IF(COUNTA(K309,M309,O309,Q309,S309,U309,W309,Y309,AA309,AC309,AE309)=11,"done","in progress"),IF(I309="N","excluded","")) | D309: PMC12521981 | E309: Europe PMC | F309: Multi-phase deep learning model for automated disease classification from cardiac cine MRI | G309: Journal of the Royal Society, Interface
A310: 308 | B310: =IF(I310="Y",IF(COUNTIF(I$3:I310,"Y")<=20,"pilot",IF(COUNTIF(I$3:I310,"Y")<=40,"dev",IF(COUNTIF(I$3:I310,"Y")<=200,"test","extra"))),"") | C310: =IF(I310="Y",IF(COUNTA(K310,M310,O310,Q310,S310,U310,W310,Y310,AA310,AC310,AE310)=11,"done","in progress"),IF(I310="N","excluded","")) | D310: PMC12385503 | E310: Europe PMC | F310: An Explainable Approach to Parkinson’s Diagnosis Using the Contrastive Explanation Method—CEM | G310: Diagnostics (Basel, Switzerland)
A311: 309 | B311: =IF(I311="Y",IF(COUNTIF(I$3:I311,"Y")<=20,"pilot",IF(COUNTIF(I$3:I311,"Y")<=40,"dev",IF(COUNTIF(I$3:I311,"Y")<=200,"test","extra"))),"") | C311: =IF(I311="Y",IF(COUNTA(K311,M311,O311,Q311,S311,U311,W311,Y311,AA311,AC311,AE311)=11,"done","in progress"),IF(I311="N","excluded","")) | D311: PMC12559157 | E311: Europe PMC | F311: Optimizing MRI sequence classification performance: insights from domain shift analysis | G311: European radiology
A312: 310 | B312: =IF(I312="Y",IF(COUNTIF(I$3:I312,"Y")<=20,"pilot",IF(COUNTIF(I$3:I312,"Y")<=40,"dev",IF(COUNTIF(I$3:I312,"Y")<=200,"test","extra"))),"") | C312: =IF(I312="Y",IF(COUNTA(K312,M312,O312,Q312,S312,U312,W312,Y312,AA312,AC312,AE312)=11,"done","in progress"),IF(I312="N","excluded","")) | D312: PMC12832843 | E312: Europe PMC | F312: Deep learning and machine learning integration of radiomics and transcriptomics predicts response-adapted radiotherapy outcome and radiosensitivity in resectable locally advanced laryngeal carcinoma | G312: Frontiers in artificial intelligence
A313: 311 | B313: =IF(I313="Y",IF(COUNTIF(I$3:I313,"Y")<=20,"pilot",IF(COUNTIF(I$3:I313,"Y")<=40,"dev",IF(COUNTIF(I$3:I313,"Y")<=200,"test","extra"))),"") | C313: =IF(I313="Y",IF(COUNTA(K313,M313,O313,Q313,S313,U313,W313,Y313,AA313,AC313,AE313)=11,"done","in progress"),IF(I313="N","excluded","")) | D313: PMC12468348 | E313: Europe PMC | F313: A Multi-Model Image Enhancement and Tailored U-Net Architecture for Robust Diabetic Retinopathy Grading | G313: Diagnostics (Basel, Switzerland)
...

Sheet Codebook (short)
A1: Item | B1: Question | C1: Labels
A2: A1_split_unit | B2: Train/test separated by patient (or other independent unit)? | C2: SAFE / RISK / UNCLEAR
A3: A2_preproc_before_split | B3: Data-dependent preprocessing fitted on full data before split? | C3: SAFE / RISK / UNCLEAR
A4: A3_aug_before_split | B4: Augmentation / synthetic data applied before split? | C4: SAFE / RISK / UNCLEAR / N/A
A5: A4_test_for_selection | B5: Reported test set also used for tuning / early stopping / checkpoint choice? | C5: SAFE / RISK / UNCLEAR
A6: A5_duplicate_check | B6: Duplicate / near-duplicate check reported? | C6: YES / NO
A7: B1_external_validation | B7: Tested on data from a source not used in development? | C7: YES / NO
A8: B2_variability_reported | B8: Spread across folds/seeds or confidence interval reported? | C8: YES / NO
A9: B3_stat_test_for_claim | B9: Superiority claim backed by a statistical test / non-overlapping CIs? | C9: YES / NO / N/A
A10: B4_baseline_protocol | B10: Comparators evaluated under the same data and protocol? | C10: SAFE / RISK / UNCLEAR / N/A
A11: C1_code_available | B11: Study code publicly available? | C11: YES / REQUEST / NO
A12: C2_data_available | B12: Data publicly available? | C12: PUBLIC / RESTRICTED / NO
A14: Full decision rules and edge cases: docs/codebook_v1.0.md
